insert into drzava (sifra_drzave, naziv_drzave) values ('FR', 'France');
insert into drzava (sifra_drzave, naziv_drzave) values ('AF', 'Afghanistan');
insert into drzava (sifra_drzave, naziv_drzave) values ('CO', 'Colombia');
insert into drzava (sifra_drzave, naziv_drzave) values ('RU', 'Russia');
insert into drzava (sifra_drzave, naziv_drzave) values ('PH', 'Philippines');
insert into drzava (sifra_drzave, naziv_drzave) values ('PL', 'Poland');
insert into drzava (sifra_drzave, naziv_drzave) values ('JP', 'Japan');
insert into drzava (sifra_drzave, naziv_drzave) values ('NE', 'Niger');
insert into drzava (sifra_drzave, naziv_drzave) values ('CN', 'China');
insert into drzava (sifra_drzave, naziv_drzave) values ('UA', 'Ukraine');
insert into drzava (sifra_drzave, naziv_drzave) values ('UZ', 'Uzbekistan');
insert into drzava (sifra_drzave, naziv_drzave) values ('US', 'United States');
insert into drzava (sifra_drzave, naziv_drzave) values ('MX', 'Mexico');
insert into drzava (sifra_drzave, naziv_drzave) values ('ID', 'Indonesia');
insert into drzava (sifra_drzave, naziv_drzave) values ('RS', 'Serbia');

insert into naseljeno_mesto (drzava_sifra_drzave, sifra_mesta, ptt_oznaka, naziv) values ('US', 'LA', '90071', 'Los Angeles');
insert into naseljeno_mesto (drzava_sifra_drzave, sifra_mesta, ptt_oznaka, naziv) values ('US', 'PB', '33075', 'Pompano Beach');
insert into naseljeno_mesto (drzava_sifra_drzave, sifra_mesta, ptt_oznaka, naziv) values ('US', 'DL', '75265', 'Dallas');
insert into naseljeno_mesto (drzava_sifra_drzave, sifra_mesta, ptt_oznaka, naziv) values ('US', 'CC', '78405', 'Corpus Christi');
insert into naseljeno_mesto (drzava_sifra_drzave, sifra_mesta, ptt_oznaka, naziv) values ('US', 'WA', '76796', 'Waco');
insert into naseljeno_mesto (drzava_sifra_drzave, sifra_mesta, ptt_oznaka, naziv) values ('US', 'BR', '06606', 'Bridgeport');
insert into naseljeno_mesto (drzava_sifra_drzave, sifra_mesta, ptt_oznaka, naziv) values ('US', 'YA', '55551', 'Young America');
insert into naseljeno_mesto (drzava_sifra_drzave, sifra_mesta, ptt_oznaka, naziv) values ('US', 'HE', '89074', 'Henderson');
insert into naseljeno_mesto (drzava_sifra_drzave, sifra_mesta, ptt_oznaka, naziv) values ('US', 'LG', '34643', 'Largo');
insert into naseljeno_mesto (drzava_sifra_drzave, sifra_mesta, ptt_oznaka, naziv) values ('US', 'PH', '19151', 'Philadelphia');

insert into valuta (drzava_sifra_drzave, sifra, domaca, naziv) values ('ID', 'IDR', true, 'Rupiah');
insert into valuta (drzava_sifra_drzave, sifra, domaca, naziv) values ('CN', 'CNY', true, 'Yuan Renminbi');
insert into valuta (drzava_sifra_drzave, sifra, domaca, naziv) values ('MX', 'MXN', true, 'Peso');
insert into valuta (drzava_sifra_drzave, sifra, domaca, naziv) values ('PH', 'PHP', true, 'Peso');
insert into valuta (drzava_sifra_drzave, sifra, domaca, naziv) values ('PL', 'PLN', true, 'Zloty');
insert into valuta (drzava_sifra_drzave, sifra, domaca, naziv) values ('FR', 'EUR', true, 'Euro');
insert into valuta (drzava_sifra_drzave, sifra, domaca, naziv) values ('RS', 'RSD', true, 'Dinar');
insert into valuta (drzava_sifra_drzave, sifra, domaca, naziv) values ('RS', 'EUR', false, 'Euro');

insert into obracunski_racun_banke (broj_racuna, datum_otvaranja, dozvoljeni_minus, vazeci, valuta_id) values ('482431768057798046', '2018-06-24 02:45:21', 560883.41, true, 11);
insert into obracunski_racun_banke (broj_racuna, datum_otvaranja, dozvoljeni_minus, vazeci, valuta_id) values ('666431645336785146', '2018-06-13 16:59:58', 68190.25, false, 7);
insert into obracunski_racun_banke (broj_racuna, datum_otvaranja, dozvoljeni_minus, vazeci, valuta_id) values ('983245069030RFQSO3', '2018-01-04 18:13:13', 873291.53, false, 6);
insert into obracunski_racun_banke (broj_racuna, datum_otvaranja, dozvoljeni_minus, vazeci, valuta_id) values ('512932468QBTHG5BWN', '2018-04-29 08:36:39', 813756.0, false, 8);
insert into obracunski_racun_banke (broj_racuna, datum_otvaranja, dozvoljeni_minus, vazeci, valuta_id) values ('777400295249134785', '2017-11-09 09:10:15', 382759.65, false, 6);
insert into obracunski_racun_banke (broj_racuna, datum_otvaranja, dozvoljeni_minus, vazeci, valuta_id) values ('948473255304823938', '2017-09-24 19:13:06', 23229.91, true, 10);
insert into obracunski_racun_banke (broj_racuna, datum_otvaranja, dozvoljeni_minus, vazeci, valuta_id) values ('881418099218013000', '2017-09-06 13:56:03', 794514.68, false, 8);
insert into obracunski_racun_banke (broj_racuna, datum_otvaranja, dozvoljeni_minus, vazeci, valuta_id) values ('107988354324773789', '2017-09-15 23:03:36', 785352.6, true, 6);
insert into obracunski_racun_banke (broj_racuna, datum_otvaranja, dozvoljeni_minus, vazeci, valuta_id) values ('757652460698739883', '2017-07-15 22:32:45', 166544.46, true, 4);
insert into obracunski_racun_banke (broj_racuna, datum_otvaranja, dozvoljeni_minus, vazeci, valuta_id) values ('121054LPYWKF3QC9TA', '2018-02-06 13:07:14', 303114.83, true, 5);
insert into obracunski_racun_banke (broj_racuna, datum_otvaranja, dozvoljeni_minus, vazeci, valuta_id) values ('858052146430407700', '2018-06-15 19:23:17', 141888.97, false, 10);
insert into obracunski_racun_banke (broj_racuna, datum_otvaranja, dozvoljeni_minus, vazeci, valuta_id) values ('9063252M3VSX2KH7PI', '2017-12-07 20:54:45', 96715.21, false, 6);
insert into obracunski_racun_banke (broj_racuna, datum_otvaranja, dozvoljeni_minus, vazeci, valuta_id) values ('897003640473676062', '2017-09-06 00:38:26', 860767.97, false, 8);
insert into obracunski_racun_banke (broj_racuna, datum_otvaranja, dozvoljeni_minus, vazeci, valuta_id) values ('33EMOAP14XTJHT4PEU', '2017-11-03 22:49:40', 458968.16, true, 11);
insert into obracunski_racun_banke (broj_racuna, datum_otvaranja, dozvoljeni_minus, vazeci, valuta_id) values ('7708811IQ7OC2NCFB4', '2017-09-03 07:57:17', 290570.04, false, 5);
insert into obracunski_racun_banke (broj_racuna, datum_otvaranja, dozvoljeni_minus, vazeci, valuta_id) values ('068957073873OUUP9E', '2018-03-17 04:57:43', 335234.77, false, 5);
insert into obracunski_racun_banke (broj_racuna, datum_otvaranja, dozvoljeni_minus, vazeci, valuta_id) values ('517970608020023733', '2018-03-14 12:49:52', 690786.14, false, 10);
insert into obracunski_racun_banke (broj_racuna, datum_otvaranja, dozvoljeni_minus, vazeci, valuta_id) values ('8487755827VWH1X0NQ', '2017-11-04 13:09:10', 37576.18, true, 11);
insert into obracunski_racun_banke (broj_racuna, datum_otvaranja, dozvoljeni_minus, vazeci, valuta_id) values ('623124342644055068', '2018-03-21 17:44:07', 523230.66, true, 6);
insert into obracunski_racun_banke (broj_racuna, datum_otvaranja, dozvoljeni_minus, vazeci, valuta_id) values ('853167816685335068', '2018-04-15 03:30:25', 671457.93, false, 8);

insert into banka (pib, adresa, email, fax, naziv, sifra_banke, swift, telefon, web, racun_broj_racuna) values ('92633189568', '203 Delaware Plaza', 'nspeedin0@oakley.com', '627-800-3651', 'Stanton Inc', '787', 'ZDHOJQaG', '964-478-1978', 'https://paypal.com', '068957073873OUUP9E');
insert into banka (pib, adresa, email, fax, naziv, sifra_banke, swift, telefon, web, racun_broj_racuna) values ('22523753111', '952 Thackeray Alley', 'hrichold1@addtoany.com', '646-560-7455', 'Grimes, Pacocha and Von', '443', 'WADIAXmZ', '238-264-1836', 'http://loc.gov', '107988354324773789');
insert into banka (pib, adresa, email, fax, naziv, sifra_banke, swift, telefon, web, racun_broj_racuna) values ('52616739816', '421 Dayton Terrace', 'cskillern2@msn.com', '796-489-7414', 'Maggio, Schamberger and Weber', '295', 'RJBFOKSW', '396-944-4962', 'http://myspace.com', '121054LPYWKF3QC9TA');
insert into banka (pib, adresa, email, fax, naziv, sifra_banke, swift, telefon, web, racun_broj_racuna) values ('45605145636', '4 Kings Trail', 'ejauncey3@seattletimes.com', '674-214-8497', 'Breitenberg and Sons', '162', 'RIQTHE0T', '912-263-5910', 'https://nyu.edu', '33EMOAP14XTJHT4PEU');
insert into banka (pib, adresa, email, fax, naziv, sifra_banke, swift, telefon, web, racun_broj_racuna) values ('54305844461', '981 Golf View Place', 'cgayter4@sina.com.cn', '504-305-8264', 'Rohan-Altenwerth', '511', 'AMTASR5h', '770-380-3151', 'http://earthlink.net', '482431768057798046');
insert into banka (pib, adresa, email, fax, naziv, sifra_banke, swift, telefon, web, racun_broj_racuna) values ('80227072086', '697 Forest Run Crossing', 'eervin5@accuweather.com', '720-433-8459', 'Wiegand Inc', '555', 'GOSRAO05', '874-426-2100', 'https://bizjournals.com', '512932468QBTHG5BWN');
insert into banka (pib, adresa, email, fax, naziv, sifra_banke, swift, telefon, web, racun_broj_racuna) values ('05215004961', '83 Stuart Parkway', 'clawille6@nps.gov', '433-618-8070', 'Harber-Herzog', '276', 'MRGUDTpw', '268-785-8452', 'https://uol.com.br', '517970608020023733');
insert into banka (pib, adresa, email, fax, naziv, sifra_banke, swift, telefon, web, racun_broj_racuna) values ('42163975614', '11 Rusk Point', 'ttock7@dell.com', '561-637-6120', 'O''Keefe-Okuneva', '291', 'QHSIMWKj', '349-685-7416', 'https://domainmarket.com', '623124342644055068');
insert into banka (pib, adresa, email, fax, naziv, sifra_banke, swift, telefon, web, racun_broj_racuna) values ('74399205603', '0 Gerald Lane', 'lmquharge8@cdbaby.com', '306-880-5505', 'Metz Inc', '818', 'SUODNHRR', '156-431-6962', 'https://miitbeian.gov.cn', '666431645336785146');
insert into banka (pib, adresa, email, fax, naziv, sifra_banke, swift, telefon, web, racun_broj_racuna) values ('30878449743', '8482 Claremont Junction', 'fkopke9@ibm.com', '974-722-7328', 'Hegmann-Gottlieb', '792', 'PCYWUKeO', '726-807-4648', 'https://sohu.com', '757652460698739883');
insert into banka (pib, adresa, email, fax, naziv, sifra_banke, swift, telefon, web, racun_broj_racuna) values ('00409129989', '4 Melrose Road', 'mwhaymana@i2i.jp', '950-489-1417', 'Ziemann Inc', '042', 'BHQYRJh9', '942-397-2868', 'http://yellowbook.com', '7708811IQ7OC2NCFB4');
insert into banka (pib, adresa, email, fax, naziv, sifra_banke, swift, telefon, web, racun_broj_racuna) values ('62036694783', '7320 Sugar Pass', 'mrobbb@edublogs.org', '963-742-8145', 'Goyette-Ankunding', '647', 'ZAVNEBKw', '257-392-6981', 'http://ycombinator.com', '777400295249134785');
insert into banka (pib, adresa, email, fax, naziv, sifra_banke, swift, telefon, web, racun_broj_racuna) values ('43587344985', '7893 Twin Pines Center', 'lministerc@chronoengine.com', '411-567-2881', 'Witting-Mayer', '781', 'JWQRBXKl', '764-511-9253', 'http://go.com', '8487755827VWH1X0NQ');
insert into banka (pib, adresa, email, fax, naziv, sifra_banke, swift, telefon, web, racun_broj_racuna) values ('69291169293', '16 Loeprich Trail', 'vduckeringd@360.cn', '327-615-5463', 'Kunze LLC', '526', 'UXUYYJD0', '462-964-4490', 'https://nydailynews.com', '853167816685335068');
insert into banka (pib, adresa, email, fax, naziv, sifra_banke, swift, telefon, web, racun_broj_racuna) values ('36938747444', '87335 Ilene Way', 'ljeane@cisco.com', '863-762-1165', 'Marvin-Osinski', '485', 'EJBRWCJh', '805-104-9237', 'http://photobucket.com', '858052146430407700');
insert into banka (pib, adresa, email, fax, naziv, sifra_banke, swift, telefon, web, racun_broj_racuna) values ('34810400186', '19152 Sutherland Drive', 'gquixleyf@slideshare.net', '184-502-3603', 'Dickinson-Leuschke', '112', 'ROAEAWtM', '354-588-2029', 'http://dagondesign.com', '881418099218013000');
insert into banka (pib, adresa, email, fax, naziv, sifra_banke, swift, telefon, web, racun_broj_racuna) values ('27506233777', '0 Hermina Street', 'eweatherhoggg@hc360.com', '948-361-2215', 'Goyette Inc', '836', 'MGYRQYfQ', '175-297-9952', 'https://uol.com.br', '897003640473676062');
insert into banka (pib, adresa, email, fax, naziv, sifra_banke, swift, telefon, web, racun_broj_racuna) values ('52042840297', '6 Lunder Park', 'gibanh@blogger.com', '178-604-8292', 'Roob and Sons', '242', 'WTIKECe4', '696-921-4055', 'https://discuz.net', '9063252M3VSX2KH7PI');
insert into banka (pib, adresa, email, fax, naziv, sifra_banke, swift, telefon, web, racun_broj_racuna) values ('10560154862', '758 Ruskin Place', 'smcfaelli@msu.edu', '916-628-9341', 'Pfeffer Group', '731', 'MTZSUP8m', '139-251-5834', 'https://wired.com', '948473255304823938');
insert into banka (pib, adresa, email, fax, naziv, sifra_banke, swift, telefon, web, racun_broj_racuna) values ('44802816610', '27736 Caliangt Alley', 'vcastagnaj@trellian.com', '906-289-4959', 'Leffler and Sons', '606', 'SCHPEHd6', '467-818-6321', 'http://gizmodo.com', '983245069030RFQSO3');